<annotation>
	<folder>imgs</folder>
	<filename>fm501_5640.jpg</filename>
	<path>E:\codes\fm\imgs\fm501_5640.jpg</path>
	<source>
		<database>Unknown</database>
	</source>
	<size>
		<width>1920</width>
		<height>1080</height>
		<depth>3</depth>
	</size>
	<segmented>0</segmented>
	<object>
		<name>tuo</name>
		<pose>Unspecified</pose>
		<truncated>0</truncated>
		<difficult>0</difficult>
		<bndbox>
			<xmin>415</xmin>
			<ymin>268</ymin>
			<xmax>661</xmax>
			<ymax>515</ymax>
		</bndbox>
	</object>
	<object>
		<name>tuo</name>
		<pose>Unspecified</pose>
		<truncated>0</truncated>
		<difficult>0</difficult>
		<bndbox>
			<xmin>861</xmin>
			<ymin>255</ymin>
			<xmax>1108</xmax>
			<ymax>512</ymax>
		</bndbox>
	</object>
	<object>
		<name>gan</name>
		<pose>Unspecified</pose>
		<truncated>0</truncated>
		<difficult>0</difficult>
		<bndbox>
			<xmin>614</xmin>
			<ymin>446</ymin>
			<xmax>952</xmax>
			<ymax>518</ymax>
		</bndbox>
	</object>
	<object>
		<name>bei</name>
		<pose>Unspecified</pose>
		<truncated>0</truncated>
		<difficult>0</difficult>
		<bndbox>
			<xmin>1169</xmin>
			<ymin>164</ymin>
			<xmax>1325</xmax>
			<ymax>330</ymax>
		</bndbox>
	</object>
	<object>
		<name>fama</name>
		<pose>Unspecified</pose>
		<truncated>0</truncated>
		<difficult>0</difficult>
		<bndbox>
			<xmin>1163</xmin>
			<ymin>528</ymin>
			<xmax>1237</xmax>
			<ymax>604</ymax>
		</bndbox>
	</object>
	<object>
		<name>diguan</name>
		<pose>Unspecified</pose>
		<truncated>0</truncated>
		<difficult>0</difficult>
		<bndbox>
			<xmin>1413</xmin>
			<ymin>269</ymin>
			<xmax>1496</xmax>
			<ymax>509</ymax>
		</bndbox>
	</object>
	<object>
		<name>niezi</name>
		<pose>Unspecified</pose>
		<truncated>0</truncated>
		<difficult>0</difficult>
		<bndbox>
			<xmin>1361</xmin>
			<ymin>652</ymin>
			<xmax>1477</xmax>
			<ymax>905</ymax>
		</bndbox>
	</object>
	<object>
		<name>fama</name>
		<pose>Unspecified</pose>
		<truncated>0</truncated>
		<difficult>0</difficult>
		<bndbox>
			<xmin>1240</xmin>
			<ymin>538</ymin>
			<xmax>1300</xmax>
			<ymax>601</ymax>
		</bndbox>
	</object>
	<object>
		<name>diguantou</name>
		<pose>Unspecified</pose>
		<truncated>0</truncated>
		<difficult>0</difficult>
		<bndbox>
			<xmin>1431</xmin>
			<ymin>416</ymin>
			<xmax>1488</xmax>
			<ymax>506</ymax>
		</bndbox>
	</object>
	<object>
		<name>shi</name>
		<pose>Unspecified</pose>
		<truncated>0</truncated>
		<difficult>0</difficult>
		<bndbox>
			<xmin>833</xmin>
			<ymin>682</ymin>
			<xmax>924</xmax>
			<ymax>772</ymax>
		</bndbox>
	</object>
	<object>
		<name>you</name>
		<pose>Unspecified</pose>
		<truncated>0</truncated>
		<difficult>0</difficult>
		<bndbox>
			<xmin>643</xmin>
			<ymin>453</ymin>
			<xmax>678</xmax>
			<ymax>500</ymax>
		</bndbox>
	</object>
	<object>
		<name>pointer</name>
		<pose>Unspecified</pose>
		<truncated>0</truncated>
		<difficult>0</difficult>
		<bndbox>
			<xmin>733</xmin>
			<ymin>249</ymin>
			<xmax>811</xmax>
			<ymax>299</ymax>
		</bndbox>
	</object>
	<object>
		<name>fama</name>
		<pose>Unspecified</pose>
		<truncated>0</truncated>
		<difficult>0</difficult>
		<bndbox>
			<xmin>1309</xmin>
			<ymin>606</ymin>
			<xmax>1358</xmax>
			<ymax>655</ymax>
		</bndbox>
	</object>
	<object>
		<name>fama</name>
		<pose>Unspecified</pose>
		<truncated>0</truncated>
		<difficult>0</difficult>
		<bndbox>
			<xmin>1208</xmin>
			<ymin>607</ymin>
			<xmax>1248</xmax>
			<ymax>647</ymax>
		</bndbox>
	</object>
	<object>
		<name>fama</name>
		<pose>Unspecified</pose>
		<truncated>0</truncated>
		<difficult>0</difficult>
		<bndbox>
			<xmin>1258</xmin>
			<ymin>609</ymin>
			<xmax>1297</xmax>
			<ymax>651</ymax>
		</bndbox>
	</object>
	<object>
		<name>he</name>
		<pose>Unspecified</pose>
		<truncated>0</truncated>
		<difficult>0</difficult>
		<bndbox>
			<xmin>1108</xmin>
			<ymin>478</ymin>
			<xmax>1411</xmax>
			<ymax>699</ymax>
		</bndbox>
	</object>
	<object>
		<name>fama</name>
		<pose>Unspecified</pose>
		<truncated>0</truncated>
		<difficult>0</difficult>
		<bndbox>
			<xmin>1298</xmin>
			<ymin>537</ymin>
			<xmax>1364</xmax>
			<ymax>605</ymax>
		</bndbox>
	</object>
	<object>
		<name>fama</name>
		<pose>Unspecified</pose>
		<truncated>0</truncated>
		<difficult>0</difficult>
		<bndbox>
			<xmin>1167</xmin>
			<ymin>609</ymin>
			<xmax>1198</xmax>
			<ymax>641</ymax>
		</bndbox>
	</object>
</annotation>
