<annotation>
	<folder>imgs</folder>
	<filename>fm501_3036.jpg</filename>
	<path>E:\codes\ltfm\imgs\fm501_3036.jpg</path>
	<source>
		<database>Unknown</database>
	</source>
	<size>
		<width>1920</width>
		<height>1080</height>
		<depth>3</depth>
	</size>
	<segmented>0</segmented>
	<object>
		<name>fama</name>
		<pose>Unspecified</pose>
		<truncated>0</truncated>
		<difficult>0</difficult>
		<bndbox>
			<xmin>1142</xmin>
			<ymin>451</ymin>
			<xmax>1211</xmax>
			<ymax>522</ymax>
		</bndbox>
	</object>
	<object>
		<name>fama</name>
		<pose>Unspecified</pose>
		<truncated>0</truncated>
		<difficult>0</difficult>
		<bndbox>
			<xmin>1193</xmin>
			<ymin>423</ymin>
			<xmax>1247</xmax>
			<ymax>477</ymax>
		</bndbox>
	</object>
	<object>
		<name>tuo</name>
		<pose>Unspecified</pose>
		<truncated>0</truncated>
		<difficult>0</difficult>
		<bndbox>
			<xmin>1080</xmin>
			<ymin>347</ymin>
			<xmax>1321</xmax>
			<ymax>593</ymax>
		</bndbox>
	</object>
	<object>
		<name>hand</name>
		<pose>Unspecified</pose>
		<truncated>0</truncated>
		<difficult>0</difficult>
		<bndbox>
			<xmin>1081</xmin>
			<ymin>709</ymin>
			<xmax>1347</xmax>
			<ymax>1028</ymax>
		</bndbox>
	</object>
	<object>
		<name>fama</name>
		<pose>Unspecified</pose>
		<truncated>0</truncated>
		<difficult>0</difficult>
		<bndbox>
			<xmin>168</xmin>
			<ymin>473</ymin>
			<xmax>253</xmax>
			<ymax>561</ymax>
		</bndbox>
	</object>
	<object>
		<name>fama</name>
		<pose>Unspecified</pose>
		<truncated>0</truncated>
		<difficult>0</difficult>
		<bndbox>
			<xmin>254</xmin>
			<ymin>478</ymin>
			<xmax>319</xmax>
			<ymax>543</ymax>
		</bndbox>
	</object>
	<object>
		<name>pointer</name>
		<pose>Unspecified</pose>
		<truncated>0</truncated>
		<difficult>0</difficult>
		<bndbox>
			<xmin>988</xmin>
			<ymin>336</ymin>
			<xmax>1061</xmax>
			<ymax>381</ymax>
		</bndbox>
	</object>
	<object>
		<name>gan</name>
		<pose>Unspecified</pose>
		<truncated>0</truncated>
		<difficult>0</difficult>
		<bndbox>
			<xmin>825</xmin>
			<ymin>517</ymin>
			<xmax>1154</xmax>
			<ymax>583</ymax>
		</bndbox>
	</object>
	<object>
		<name>tuo</name>
		<pose>Unspecified</pose>
		<truncated>0</truncated>
		<difficult>0</difficult>
		<bndbox>
			<xmin>645</xmin>
			<ymin>315</ymin>
			<xmax>880</xmax>
			<ymax>566</ymax>
		</bndbox>
	</object>
	<object>
		<name>you</name>
		<pose>Unspecified</pose>
		<truncated>0</truncated>
		<difficult>0</difficult>
		<bndbox>
			<xmin>850</xmin>
			<ymin>508</ymin>
			<xmax>887</xmax>
			<ymax>560</ymax>
		</bndbox>
	</object>
	<object>
		<name>bei</name>
		<pose>Unspecified</pose>
		<truncated>0</truncated>
		<difficult>0</difficult>
		<bndbox>
			<xmin>632</xmin>
			<ymin>341</ymin>
			<xmax>833</xmax>
			<ymax>520</ymax>
		</bndbox>
	</object>
	<object>
		<name>fama</name>
		<pose>Unspecified</pose>
		<truncated>0</truncated>
		<difficult>0</difficult>
		<bndbox>
			<xmin>230</xmin>
			<ymin>557</ymin>
			<xmax>272</xmax>
			<ymax>600</ymax>
		</bndbox>
	</object>
	<object>
		<name>diguan</name>
		<pose>Unspecified</pose>
		<truncated>0</truncated>
		<difficult>0</difficult>
		<bndbox>
			<xmin>1433</xmin>
			<ymin>652</ymin>
			<xmax>1545</xmax>
			<ymax>888</ymax>
		</bndbox>
	</object>
	<object>
		<name>fama</name>
		<pose>Unspecified</pose>
		<truncated>0</truncated>
		<difficult>0</difficult>
		<bndbox>
			<xmin>280</xmin>
			<ymin>549</ymin>
			<xmax>323</xmax>
			<ymax>592</ymax>
		</bndbox>
	</object>
	<object>
		<name>shi</name>
		<pose>Unspecified</pose>
		<truncated>0</truncated>
		<difficult>0</difficult>
		<bndbox>
			<xmin>573</xmin>
			<ymin>630</ymin>
			<xmax>663</xmax>
			<ymax>710</ymax>
		</bndbox>
	</object>
	<object>
		<name>fama</name>
		<pose>Unspecified</pose>
		<truncated>0</truncated>
		<difficult>0</difficult>
		<bndbox>
			<xmin>188</xmin>
			<ymin>564</ymin>
			<xmax>223</xmax>
			<ymax>601</ymax>
		</bndbox>
	</object>
	<object>
		<name>diguantou</name>
		<pose>Unspecified</pose>
		<truncated>0</truncated>
		<difficult>0</difficult>
		<bndbox>
			<xmin>1477</xmin>
			<ymin>790</ymin>
			<xmax>1536</xmax>
			<ymax>891</ymax>
		</bndbox>
	</object>
	<object>
		<name>he</name>
		<pose>Unspecified</pose>
		<truncated>0</truncated>
		<difficult>0</difficult>
		<bndbox>
			<xmin>129</xmin>
			<ymin>431</ymin>
			<xmax>444</xmax>
			<ymax>634</ymax>
		</bndbox>
	</object>
	<object>
		<name>niezi</name>
		<pose>Unspecified</pose>
		<truncated>0</truncated>
		<difficult>0</difficult>
		<bndbox>
			<xmin>1058</xmin>
			<ymin>627</ymin>
			<xmax>1181</xmax>
			<ymax>780</ymax>
		</bndbox>
	</object>
</annotation>
