<annotation>
	<folder>imgs</folder>
	<filename>fm501_2676.jpg</filename>
	<path>E:\codes\ltfm\imgs\fm501_2676.jpg</path>
	<source>
		<database>Unknown</database>
	</source>
	<size>
		<width>1920</width>
		<height>1080</height>
		<depth>3</depth>
	</size>
	<segmented>0</segmented>
	<object>
		<name>pointer</name>
		<pose>Unspecified</pose>
		<truncated>0</truncated>
		<difficult>0</difficult>
		<bndbox>
			<xmin>987</xmin>
			<ymin>335</ymin>
			<xmax>1063</xmax>
			<ymax>381</ymax>
		</bndbox>
	</object>
	<object>
		<name>fama</name>
		<pose>Unspecified</pose>
		<truncated>0</truncated>
		<difficult>0</difficult>
		<bndbox>
			<xmin>254</xmin>
			<ymin>493</ymin>
			<xmax>310</xmax>
			<ymax>548</ymax>
		</bndbox>
	</object>
	<object>
		<name>tuo</name>
		<pose>Unspecified</pose>
		<truncated>0</truncated>
		<difficult>0</difficult>
		<bndbox>
			<xmin>1087</xmin>
			<ymin>345</ymin>
			<xmax>1336</xmax>
			<ymax>594</ymax>
		</bndbox>
	</object>
	<object>
		<name>fama</name>
		<pose>Unspecified</pose>
		<truncated>0</truncated>
		<difficult>0</difficult>
		<bndbox>
			<xmin>172</xmin>
			<ymin>484</ymin>
			<xmax>247</xmax>
			<ymax>557</ymax>
		</bndbox>
	</object>
	<object>
		<name>gan</name>
		<pose>Unspecified</pose>
		<truncated>0</truncated>
		<difficult>0</difficult>
		<bndbox>
			<xmin>829</xmin>
			<ymin>515</ymin>
			<xmax>1159</xmax>
			<ymax>586</ymax>
		</bndbox>
	</object>
	<object>
		<name>bei</name>
		<pose>Unspecified</pose>
		<truncated>0</truncated>
		<difficult>0</difficult>
		<bndbox>
			<xmin>643</xmin>
			<ymin>350</ymin>
			<xmax>824</xmax>
			<ymax>516</ymax>
		</bndbox>
	</object>
	<object>
		<name>tuo</name>
		<pose>Unspecified</pose>
		<truncated>0</truncated>
		<difficult>0</difficult>
		<bndbox>
			<xmin>656</xmin>
			<ymin>335</ymin>
			<xmax>884</xmax>
			<ymax>568</ymax>
		</bndbox>
	</object>
	<object>
		<name>niezi</name>
		<pose>Unspecified</pose>
		<truncated>0</truncated>
		<difficult>0</difficult>
		<bndbox>
			<xmin>848</xmin>
			<ymin>673</ymin>
			<xmax>1022</xmax>
			<ymax>941</ymax>
		</bndbox>
	</object>
	<object>
		<name>fama</name>
		<pose>Unspecified</pose>
		<truncated>0</truncated>
		<difficult>0</difficult>
		<bndbox>
			<xmin>319</xmin>
			<ymin>494</ymin>
			<xmax>378</xmax>
			<ymax>550</ymax>
		</bndbox>
	</object>
	<object>
		<name>shi</name>
		<pose>Unspecified</pose>
		<truncated>0</truncated>
		<difficult>0</difficult>
		<bndbox>
			<xmin>1146</xmin>
			<ymin>435</ymin>
			<xmax>1252</xmax>
			<ymax>536</ymax>
		</bndbox>
	</object>
	<object>
		<name>he</name>
		<pose>Unspecified</pose>
		<truncated>0</truncated>
		<difficult>0</difficult>
		<bndbox>
			<xmin>126</xmin>
			<ymin>448</ymin>
			<xmax>450</xmax>
			<ymax>639</ymax>
		</bndbox>
	</object>
	<object>
		<name>fama</name>
		<pose>Unspecified</pose>
		<truncated>0</truncated>
		<difficult>0</difficult>
		<bndbox>
			<xmin>221</xmin>
			<ymin>565</ymin>
			<xmax>258</xmax>
			<ymax>601</ymax>
		</bndbox>
	</object>
	<object>
		<name>fama</name>
		<pose>Unspecified</pose>
		<truncated>0</truncated>
		<difficult>0</difficult>
		<bndbox>
			<xmin>323</xmin>
			<ymin>560</ymin>
			<xmax>372</xmax>
			<ymax>606</ymax>
		</bndbox>
	</object>
	<object>
		<name>you</name>
		<pose>Unspecified</pose>
		<truncated>0</truncated>
		<difficult>0</difficult>
		<bndbox>
			<xmin>852</xmin>
			<ymin>507</ymin>
			<xmax>893</xmax>
			<ymax>561</ymax>
		</bndbox>
	</object>
	<object>
		<name>fama</name>
		<pose>Unspecified</pose>
		<truncated>0</truncated>
		<difficult>0</difficult>
		<bndbox>
			<xmin>178</xmin>
			<ymin>569</ymin>
			<xmax>207</xmax>
			<ymax>597</ymax>
		</bndbox>
	</object>
	<object>
		<name>fama</name>
		<pose>Unspecified</pose>
		<truncated>0</truncated>
		<difficult>0</difficult>
		<bndbox>
			<xmin>272</xmin>
			<ymin>565</ymin>
			<xmax>308</xmax>
			<ymax>601</ymax>
		</bndbox>
	</object>
	<object>
		<name>diguan</name>
		<pose>Unspecified</pose>
		<truncated>0</truncated>
		<difficult>0</difficult>
		<bndbox>
			<xmin>1434</xmin>
			<ymin>650</ymin>
			<xmax>1547</xmax>
			<ymax>889</ymax>
		</bndbox>
	</object>
	<object>
		<name>diguantou</name>
		<pose>Unspecified</pose>
		<truncated>0</truncated>
		<difficult>0</difficult>
		<bndbox>
			<xmin>1476</xmin>
			<ymin>796</ymin>
			<xmax>1529</xmax>
			<ymax>890</ymax>
		</bndbox>
	</object>
</annotation>
