<annotation>
	<folder>imgs</folder>
	<filename>fm501_5820.jpg</filename>
	<path>E:\codes\fm\imgs\fm501_5820.jpg</path>
	<source>
		<database>Unknown</database>
	</source>
	<size>
		<width>1920</width>
		<height>1080</height>
		<depth>3</depth>
	</size>
	<segmented>0</segmented>
	<object>
		<name>tuo</name>
		<pose>Unspecified</pose>
		<truncated>0</truncated>
		<difficult>0</difficult>
		<bndbox>
			<xmin>422</xmin>
			<ymin>273</ymin>
			<xmax>660</xmax>
			<ymax>514</ymax>
		</bndbox>
	</object>
	<object>
		<name>fama</name>
		<pose>Unspecified</pose>
		<truncated>0</truncated>
		<difficult>0</difficult>
		<bndbox>
			<xmin>365</xmin>
			<ymin>487</ymin>
			<xmax>425</xmax>
			<ymax>543</ymax>
		</bndbox>
	</object>
	<object>
		<name>tuo</name>
		<pose>Unspecified</pose>
		<truncated>0</truncated>
		<difficult>0</difficult>
		<bndbox>
			<xmin>864</xmin>
			<ymin>254</ymin>
			<xmax>1108</xmax>
			<ymax>508</ymax>
		</bndbox>
	</object>
	<object>
		<name>fama</name>
		<pose>Unspecified</pose>
		<truncated>0</truncated>
		<difficult>0</difficult>
		<bndbox>
			<xmin>305</xmin>
			<ymin>509</ymin>
			<xmax>363</xmax>
			<ymax>565</ymax>
		</bndbox>
	</object>
	<object>
		<name>fama</name>
		<pose>Unspecified</pose>
		<truncated>0</truncated>
		<difficult>0</difficult>
		<bndbox>
			<xmin>228</xmin>
			<ymin>526</ymin>
			<xmax>302</xmax>
			<ymax>599</ymax>
		</bndbox>
	</object>
	<object>
		<name>gan</name>
		<pose>Unspecified</pose>
		<truncated>0</truncated>
		<difficult>0</difficult>
		<bndbox>
			<xmin>615</xmin>
			<ymin>447</ymin>
			<xmax>957</xmax>
			<ymax>515</ymax>
		</bndbox>
	</object>
	<object>
		<name>bei</name>
		<pose>Unspecified</pose>
		<truncated>0</truncated>
		<difficult>0</difficult>
		<bndbox>
			<xmin>1169</xmin>
			<ymin>167</ymin>
			<xmax>1332</xmax>
			<ymax>327</ymax>
		</bndbox>
	</object>
	<object>
		<name>fama</name>
		<pose>Unspecified</pose>
		<truncated>0</truncated>
		<difficult>0</difficult>
		<bndbox>
			<xmin>343</xmin>
			<ymin>576</ymin>
			<xmax>380</xmax>
			<ymax>610</ymax>
		</bndbox>
	</object>
	<object>
		<name>fama</name>
		<pose>Unspecified</pose>
		<truncated>0</truncated>
		<difficult>0</difficult>
		<bndbox>
			<xmin>391</xmin>
			<ymin>551</ymin>
			<xmax>440</xmax>
			<ymax>598</ymax>
		</bndbox>
	</object>
	<object>
		<name>you</name>
		<pose>Unspecified</pose>
		<truncated>0</truncated>
		<difficult>0</difficult>
		<bndbox>
			<xmin>643</xmin>
			<ymin>452</ymin>
			<xmax>678</xmax>
			<ymax>501</ymax>
		</bndbox>
	</object>
	<object>
		<name>shi</name>
		<pose>Unspecified</pose>
		<truncated>0</truncated>
		<difficult>0</difficult>
		<bndbox>
			<xmin>835</xmin>
			<ymin>684</ymin>
			<xmax>923</xmax>
			<ymax>773</ymax>
		</bndbox>
	</object>
	<object>
		<name>diguan</name>
		<pose>Unspecified</pose>
		<truncated>0</truncated>
		<difficult>0</difficult>
		<bndbox>
			<xmin>1417</xmin>
			<ymin>274</ymin>
			<xmax>1491</xmax>
			<ymax>504</ymax>
		</bndbox>
	</object>
	<object>
		<name>diguantou</name>
		<pose>Unspecified</pose>
		<truncated>0</truncated>
		<difficult>0</difficult>
		<bndbox>
			<xmin>1431</xmin>
			<ymin>415</ymin>
			<xmax>1486</xmax>
			<ymax>506</ymax>
		</bndbox>
	</object>
	<object>
		<name>fama</name>
		<pose>Unspecified</pose>
		<truncated>0</truncated>
		<difficult>0</difficult>
		<bndbox>
			<xmin>295</xmin>
			<ymin>591</ymin>
			<xmax>332</xmax>
			<ymax>628</ymax>
		</bndbox>
	</object>
	<object>
		<name>he</name>
		<pose>Unspecified</pose>
		<truncated>0</truncated>
		<difficult>0</difficult>
		<bndbox>
			<xmin>202</xmin>
			<ymin>457</ymin>
			<xmax>494</xmax>
			<ymax>681</ymax>
		</bndbox>
	</object>
	<object>
		<name>pointer</name>
		<pose>Unspecified</pose>
		<truncated>0</truncated>
		<difficult>0</difficult>
		<bndbox>
			<xmin>733</xmin>
			<ymin>248</ymin>
			<xmax>812</xmax>
			<ymax>299</ymax>
		</bndbox>
	</object>
	<object>
		<name>fama</name>
		<pose>Unspecified</pose>
		<truncated>0</truncated>
		<difficult>0</difficult>
		<bndbox>
			<xmin>255</xmin>
			<ymin>611</ymin>
			<xmax>285</xmax>
			<ymax>640</ymax>
		</bndbox>
	</object>
	<object>
		<name>hand</name>
		<pose>Unspecified</pose>
		<truncated>0</truncated>
		<difficult>0</difficult>
		<bndbox>
			<xmin>440</xmin>
			<ymin>579</ymin>
			<xmax>731</xmax>
			<ymax>842</ymax>
		</bndbox>
	</object>
	<object>
		<name>niezi</name>
		<pose>Unspecified</pose>
		<truncated>0</truncated>
		<difficult>0</difficult>
		<bndbox>
			<xmin>379</xmin>
			<ymin>547</ymin>
			<xmax>481</xmax>
			<ymax>642</ymax>
		</bndbox>
	</object>
</annotation>
