<annotation>
	<folder>imgs</folder>
	<filename>fm501_5460.jpg</filename>
	<path>E:\codes\fm\imgs\fm501_5460.jpg</path>
	<source>
		<database>Unknown</database>
	</source>
	<size>
		<width>1920</width>
		<height>1080</height>
		<depth>3</depth>
	</size>
	<segmented>0</segmented>
	<object>
		<name>tuo</name>
		<pose>Unspecified</pose>
		<truncated>0</truncated>
		<difficult>0</difficult>
		<bndbox>
			<xmin>862</xmin>
			<ymin>253</ymin>
			<xmax>1110</xmax>
			<ymax>509</ymax>
		</bndbox>
	</object>
	<object>
		<name>tuo</name>
		<pose>Unspecified</pose>
		<truncated>0</truncated>
		<difficult>0</difficult>
		<bndbox>
			<xmin>420</xmin>
			<ymin>272</ymin>
			<xmax>662</xmax>
			<ymax>515</ymax>
		</bndbox>
	</object>
	<object>
		<name>fama</name>
		<pose>Unspecified</pose>
		<truncated>0</truncated>
		<difficult>0</difficult>
		<bndbox>
			<xmin>1164</xmin>
			<ymin>530</ymin>
			<xmax>1236</xmax>
			<ymax>601</ymax>
		</bndbox>
	</object>
	<object>
		<name>hand</name>
		<pose>Unspecified</pose>
		<truncated>0</truncated>
		<difficult>0</difficult>
		<bndbox>
			<xmin>1454</xmin>
			<ymin>666</ymin>
			<xmax>1684</xmax>
			<ymax>929</ymax>
		</bndbox>
	</object>
	<object>
		<name>fama</name>
		<pose>Unspecified</pose>
		<truncated>0</truncated>
		<difficult>0</difficult>
		<bndbox>
			<xmin>1242</xmin>
			<ymin>540</ymin>
			<xmax>1298</xmax>
			<ymax>595</ymax>
		</bndbox>
	</object>
	<object>
		<name>gan</name>
		<pose>Unspecified</pose>
		<truncated>0</truncated>
		<difficult>0</difficult>
		<bndbox>
			<xmin>615</xmin>
			<ymin>447</ymin>
			<xmax>956</xmax>
			<ymax>517</ymax>
		</bndbox>
	</object>
	<object>
		<name>fama</name>
		<pose>Unspecified</pose>
		<truncated>0</truncated>
		<difficult>0</difficult>
		<bndbox>
			<xmin>1210</xmin>
			<ymin>607</ymin>
			<xmax>1246</xmax>
			<ymax>646</ymax>
		</bndbox>
	</object>
	<object>
		<name>fama</name>
		<pose>Unspecified</pose>
		<truncated>0</truncated>
		<difficult>0</difficult>
		<bndbox>
			<xmin>1303</xmin>
			<ymin>542</ymin>
			<xmax>1360</xmax>
			<ymax>598</ymax>
		</bndbox>
	</object>
	<object>
		<name>he</name>
		<pose>Unspecified</pose>
		<truncated>0</truncated>
		<difficult>0</difficult>
		<bndbox>
			<xmin>1112</xmin>
			<ymin>496</ymin>
			<xmax>1407</xmax>
			<ymax>714</ymax>
		</bndbox>
	</object>
	<object>
		<name>fama</name>
		<pose>Unspecified</pose>
		<truncated>0</truncated>
		<difficult>0</difficult>
		<bndbox>
			<xmin>1306</xmin>
			<ymin>607</ymin>
			<xmax>1351</xmax>
			<ymax>652</ymax>
		</bndbox>
	</object>
	<object>
		<name>fama</name>
		<pose>Unspecified</pose>
		<truncated>0</truncated>
		<difficult>0</difficult>
		<bndbox>
			<xmin>1258</xmin>
			<ymin>610</ymin>
			<xmax>1292</xmax>
			<ymax>644</ymax>
		</bndbox>
	</object>
	<object>
		<name>pointer</name>
		<pose>Unspecified</pose>
		<truncated>0</truncated>
		<difficult>0</difficult>
		<bndbox>
			<xmin>733</xmin>
			<ymin>249</ymin>
			<xmax>813</xmax>
			<ymax>299</ymax>
		</bndbox>
	</object>
	<object>
		<name>you</name>
		<pose>Unspecified</pose>
		<truncated>0</truncated>
		<difficult>0</difficult>
		<bndbox>
			<xmin>646</xmin>
			<ymin>453</ymin>
			<xmax>679</xmax>
			<ymax>501</ymax>
		</bndbox>
	</object>
	<object>
		<name>shi</name>
		<pose>Unspecified</pose>
		<truncated>0</truncated>
		<difficult>0</difficult>
		<bndbox>
			<xmin>834</xmin>
			<ymin>684</ymin>
			<xmax>922</xmax>
			<ymax>771</ymax>
		</bndbox>
	</object>
	<object>
		<name>bei</name>
		<pose>Unspecified</pose>
		<truncated>0</truncated>
		<difficult>0</difficult>
		<bndbox>
			<xmin>1594</xmin>
			<ymin>577</ymin>
			<xmax>1774</xmax>
			<ymax>733</ymax>
		</bndbox>
	</object>
	<object>
		<name>fama</name>
		<pose>Unspecified</pose>
		<truncated>0</truncated>
		<difficult>0</difficult>
		<bndbox>
			<xmin>1168</xmin>
			<ymin>609</ymin>
			<xmax>1200</xmax>
			<ymax>642</ymax>
		</bndbox>
	</object>
	<object>
		<name>niezi</name>
		<pose>Unspecified</pose>
		<truncated>0</truncated>
		<difficult>0</difficult>
		<bndbox>
			<xmin>1360</xmin>
			<ymin>631</ymin>
			<xmax>1486</xmax>
			<ymax>899</ymax>
		</bndbox>
	</object>
	<object>
		<name>diguan</name>
		<pose>Unspecified</pose>
		<truncated>0</truncated>
		<difficult>0</difficult>
		<bndbox>
			<xmin>1483</xmin>
			<ymin>502</ymin>
			<xmax>1576</xmax>
			<ymax>752</ymax>
		</bndbox>
	</object>
	<object>
		<name>diguantou</name>
		<pose>Unspecified</pose>
		<truncated>0</truncated>
		<difficult>0</difficult>
		<bndbox>
			<xmin>1506</xmin>
			<ymin>658</ymin>
			<xmax>1539</xmax>
			<ymax>740</ymax>
		</bndbox>
	</object>
</annotation>
