<annotation>
	<folder>imgs</folder>
	<filename>lt407_6960.jpg</filename>
	<path>E:\codes\lt\imgs\lt407_6960.jpg</path>
	<source>
		<database>Unknown</database>
	</source>
	<size>
		<width>1920</width>
		<height>1080</height>
		<depth>3</depth>
	</size>
	<segmented>0</segmented>
	<object>
		<name>bei</name>
		<pose>Unspecified</pose>
		<truncated>0</truncated>
		<difficult>0</difficult>
		<bndbox>
			<xmin>800</xmin>
			<ymin>397</ymin>
			<xmax>915</xmax>
			<ymax>564</ymax>
		</bndbox>
	</object>
	<object>
		<name>hand</name>
		<pose>Unspecified</pose>
		<truncated>0</truncated>
		<difficult>0</difficult>
		<bndbox>
			<xmin>869</xmin>
			<ymin>15</ymin>
			<xmax>1171</xmax>
			<ymax>246</ymax>
		</bndbox>
	</object>
	<object>
		<name>ao</name>
		<pose>Unspecified</pose>
		<truncated>0</truncated>
		<difficult>0</difficult>
		<bndbox>
			<xmin>917</xmin>
			<ymin>540</ymin>
			<xmax>992</xmax>
			<ymax>593</ymax>
		</bndbox>
	</object>
	<object>
		<name>liangdi</name>
		<pose>Unspecified</pose>
		<truncated>0</truncated>
		<difficult>0</difficult>
		<bndbox>
			<xmin>890</xmin>
			<ymin>640</ymin>
			<xmax>1034</xmax>
			<ymax>757</ymax>
		</bndbox>
	</object>
	<object>
		<name>liangtong</name>
		<pose>Unspecified</pose>
		<truncated>0</truncated>
		<difficult>0</difficult>
		<bndbox>
			<xmin>901</xmin>
			<ymin>382</ymin>
			<xmax>1032</xmax>
			<ymax>767</ymax>
		</bndbox>
	</object>
	<object>
		<name>diguantou</name>
		<pose>Unspecified</pose>
		<truncated>0</truncated>
		<difficult>0</difficult>
		<bndbox>
			<xmin>925</xmin>
			<ymin>209</ymin>
			<xmax>1001</xmax>
			<ymax>309</ymax>
		</bndbox>
	</object>
	<object>
		<name>diguan</name>
		<pose>Unspecified</pose>
		<truncated>0</truncated>
		<difficult>0</difficult>
		<bndbox>
			<xmin>913</xmin>
			<ymin>199</ymin>
			<xmax>985</xmax>
			<ymax>406</ymax>
		</bndbox>
	</object>
	<object>
		<name>tuo</name>
		<pose>Unspecified</pose>
		<truncated>1</truncated>
		<difficult>0</difficult>
		<bndbox>
			<xmin>545</xmin>
			<ymin>1</ymin>
			<xmax>703</xmax>
			<ymax>72</ymax>
		</bndbox>
	</object>
	<object>
		<name>tuo</name>
		<pose>Unspecified</pose>
		<truncated>0</truncated>
		<difficult>0</difficult>
		<bndbox>
			<xmin>481</xmin>
			<ymin>149</ymin>
			<xmax>649</xmax>
			<ymax>291</ymax>
		</bndbox>
	</object>
</annotation>
