<annotation>
	<folder>imgs</folder>
	<filename>lt501_9282.jpg</filename>
	<path>E:\codes\lt\imgs\lt501_9282.jpg</path>
	<source>
		<database>Unknown</database>
	</source>
	<size>
		<width>1920</width>
		<height>1080</height>
		<depth>3</depth>
	</size>
	<segmented>0</segmented>
	<object>
		<name>bei</name>
		<pose>Unspecified</pose>
		<truncated>0</truncated>
		<difficult>0</difficult>
		<bndbox>
			<xmin>914</xmin>
			<ymin>315</ymin>
			<xmax>1130</xmax>
			<ymax>550</ymax>
		</bndbox>
	</object>
	<object>
		<name>hand</name>
		<pose>Unspecified</pose>
		<truncated>0</truncated>
		<difficult>0</difficult>
		<bndbox>
			<xmin>919</xmin>
			<ymin>164</ymin>
			<xmax>1254</xmax>
			<ymax>522</ymax>
		</bndbox>
	</object>
	<object>
		<name>ao</name>
		<pose>Unspecified</pose>
		<truncated>0</truncated>
		<difficult>0</difficult>
		<bndbox>
			<xmin>935</xmin>
			<ymin>689</ymin>
			<xmax>1002</xmax>
			<ymax>745</ymax>
		</bndbox>
	</object>
	<object>
		<name>liangdi</name>
		<pose>Unspecified</pose>
		<truncated>0</truncated>
		<difficult>0</difficult>
		<bndbox>
			<xmin>904</xmin>
			<ymin>710</ymin>
			<xmax>1037</xmax>
			<ymax>838</ymax>
		</bndbox>
	</object>
	<object>
		<name>liangtong</name>
		<pose>Unspecified</pose>
		<truncated>0</truncated>
		<difficult>0</difficult>
		<bndbox>
			<xmin>913</xmin>
			<ymin>526</ymin>
			<xmax>1033</xmax>
			<ymax>856</ymax>
		</bndbox>
	</object>
	<object>
		<name>shi</name>
		<pose>Unspecified</pose>
		<truncated>0</truncated>
		<difficult>0</difficult>
		<bndbox>
			<xmin>734</xmin>
			<ymin>61</ymin>
			<xmax>796</xmax>
			<ymax>126</ymax>
		</bndbox>
	</object>
	<object>
		<name>tuo</name>
		<pose>Unspecified</pose>
		<truncated>0</truncated>
		<difficult>0</difficult>
		<bndbox>
			<xmin>313</xmin>
			<ymin>119</ymin>
			<xmax>485</xmax>
			<ymax>267</ymax>
		</bndbox>
	</object>
</annotation>
