<annotation>
	<folder>imgs</folder>
	<filename>lt501_6486.jpg</filename>
	<path>E:\codes\lt\imgs\lt501_6486.jpg</path>
	<source>
		<database>Unknown</database>
	</source>
	<size>
		<width>1920</width>
		<height>1080</height>
		<depth>3</depth>
	</size>
	<segmented>0</segmented>
	<object>
		<name>bei</name>
		<pose>Unspecified</pose>
		<truncated>0</truncated>
		<difficult>0</difficult>
		<bndbox>
			<xmin>662</xmin>
			<ymin>79</ymin>
			<xmax>780</xmax>
			<ymax>229</ymax>
		</bndbox>
	</object>
	<object>
		<name>hand</name>
		<pose>Unspecified</pose>
		<truncated>0</truncated>
		<difficult>0</difficult>
		<bndbox>
			<xmin>735</xmin>
			<ymin>304</ymin>
			<xmax>947</xmax>
			<ymax>554</ymax>
		</bndbox>
	</object>
	<object>
		<name>liangdi</name>
		<pose>Unspecified</pose>
		<truncated>0</truncated>
		<difficult>0</difficult>
		<bndbox>
			<xmin>783</xmin>
			<ymin>572</ymin>
			<xmax>921</xmax>
			<ymax>681</ymax>
		</bndbox>
	</object>
	<object>
		<name>liangtong</name>
		<pose>Unspecified</pose>
		<truncated>0</truncated>
		<difficult>0</difficult>
		<bndbox>
			<xmin>756</xmin>
			<ymin>354</ymin>
			<xmax>905</xmax>
			<ymax>677</ymax>
		</bndbox>
	</object>
	<object>
		<name>shi</name>
		<pose>Unspecified</pose>
		<truncated>0</truncated>
		<difficult>0</difficult>
		<bndbox>
			<xmin>905</xmin>
			<ymin>502</ymin>
			<xmax>979</xmax>
			<ymax>554</ymax>
		</bndbox>
	</object>
	<object>
		<name>diguantou</name>
		<pose>Unspecified</pose>
		<truncated>0</truncated>
		<difficult>0</difficult>
		<bndbox>
			<xmin>721</xmin>
			<ymin>334</ymin>
			<xmax>771</xmax>
			<ymax>372</ymax>
		</bndbox>
	</object>
	<object>
		<name>diguan</name>
		<pose>Unspecified</pose>
		<truncated>0</truncated>
		<difficult>0</difficult>
		<bndbox>
			<xmin>585</xmin>
			<ymin>305</ymin>
			<xmax>779</xmax>
			<ymax>364</ymax>
		</bndbox>
	</object>
	<object>
		<name>tuo</name>
		<pose>Unspecified</pose>
		<truncated>0</truncated>
		<difficult>0</difficult>
		<bndbox>
			<xmin>313</xmin>
			<ymin>117</ymin>
			<xmax>467</xmax>
			<ymax>267</ymax>
		</bndbox>
	</object>
</annotation>
