<annotation>
	<folder>imgs</folder>
	<filename>lt501_6258.jpg</filename>
	<path>E:\codes\lt\imgs\lt501_6258.jpg</path>
	<source>
		<database>Unknown</database>
	</source>
	<size>
		<width>1920</width>
		<height>1080</height>
		<depth>3</depth>
	</size>
	<segmented>0</segmented>
	<object>
		<name>bei</name>
		<pose>Unspecified</pose>
		<truncated>0</truncated>
		<difficult>0</difficult>
		<bndbox>
			<xmin>330</xmin>
			<ymin>166</ymin>
			<xmax>540</xmax>
			<ymax>344</ymax>
		</bndbox>
	</object>
	<object>
		<name>hand</name>
		<pose>Unspecified</pose>
		<truncated>0</truncated>
		<difficult>0</difficult>
		<bndbox>
			<xmin>262</xmin>
			<ymin>23</ymin>
			<xmax>583</xmax>
			<ymax>341</ymax>
		</bndbox>
	</object>
	<object>
		<name>ao</name>
		<pose>Unspecified</pose>
		<truncated>0</truncated>
		<difficult>0</difficult>
		<bndbox>
			<xmin>551</xmin>
			<ymin>493</ymin>
			<xmax>621</xmax>
			<ymax>546</ymax>
		</bndbox>
	</object>
	<object>
		<name>liangdi</name>
		<pose>Unspecified</pose>
		<truncated>0</truncated>
		<difficult>0</difficult>
		<bndbox>
			<xmin>576</xmin>
			<ymin>546</ymin>
			<xmax>689</xmax>
			<ymax>665</ymax>
		</bndbox>
	</object>
	<object>
		<name>liangtong</name>
		<pose>Unspecified</pose>
		<truncated>0</truncated>
		<difficult>0</difficult>
		<bndbox>
			<xmin>445</xmin>
			<ymin>331</ymin>
			<xmax>692</xmax>
			<ymax>674</ymax>
		</bndbox>
	</object>
	<object>
		<name>shi</name>
		<pose>Unspecified</pose>
		<truncated>0</truncated>
		<difficult>0</difficult>
		<bndbox>
			<xmin>901</xmin>
			<ymin>507</ymin>
			<xmax>976</xmax>
			<ymax>562</ymax>
		</bndbox>
	</object>
	<object>
		<name>diguantou</name>
		<pose>Unspecified</pose>
		<truncated>0</truncated>
		<difficult>0</difficult>
		<bndbox>
			<xmin>713</xmin>
			<ymin>327</ymin>
			<xmax>784</xmax>
			<ymax>375</ymax>
		</bndbox>
	</object>
	<object>
		<name>diguan</name>
		<pose>Unspecified</pose>
		<truncated>0</truncated>
		<difficult>0</difficult>
		<bndbox>
			<xmin>604</xmin>
			<ymin>303</ymin>
			<xmax>778</xmax>
			<ymax>375</ymax>
		</bndbox>
	</object>
</annotation>
