<annotation>
	<folder>imgs</folder>
	<filename>lt501_7962.jpg</filename>
	<path>E:\codes\lt\imgs\lt501_7962.jpg</path>
	<source>
		<database>Unknown</database>
	</source>
	<size>
		<width>1920</width>
		<height>1080</height>
		<depth>3</depth>
	</size>
	<segmented>0</segmented>
	<object>
		<name>bei</name>
		<pose>Unspecified</pose>
		<truncated>0</truncated>
		<difficult>0</difficult>
		<bndbox>
			<xmin>561</xmin>
			<ymin>335</ymin>
			<xmax>695</xmax>
			<ymax>492</ymax>
		</bndbox>
	</object>
	<object>
		<name>ao</name>
		<pose>Unspecified</pose>
		<truncated>0</truncated>
		<difficult>0</difficult>
		<bndbox>
			<xmin>782</xmin>
			<ymin>498</ymin>
			<xmax>864</xmax>
			<ymax>558</ymax>
		</bndbox>
	</object>
	<object>
		<name>liangdi</name>
		<pose>Unspecified</pose>
		<truncated>0</truncated>
		<difficult>0</difficult>
		<bndbox>
			<xmin>780</xmin>
			<ymin>581</ymin>
			<xmax>915</xmax>
			<ymax>692</ymax>
		</bndbox>
	</object>
	<object>
		<name>liangtong</name>
		<pose>Unspecified</pose>
		<truncated>0</truncated>
		<difficult>0</difficult>
		<bndbox>
			<xmin>749</xmin>
			<ymin>354</ymin>
			<xmax>911</xmax>
			<ymax>679</ymax>
		</bndbox>
	</object>
	<object>
		<name>shi</name>
		<pose>Unspecified</pose>
		<truncated>0</truncated>
		<difficult>0</difficult>
		<bndbox>
			<xmin>780</xmin>
			<ymin>419</ymin>
			<xmax>845</xmax>
			<ymax>506</ymax>
		</bndbox>
	</object>
	<object>
		<name>tuo</name>
		<pose>Unspecified</pose>
		<truncated>0</truncated>
		<difficult>0</difficult>
		<bndbox>
			<xmin>283</xmin>
			<ymin>109</ymin>
			<xmax>463</xmax>
			<ymax>262</ymax>
		</bndbox>
	</object>
</annotation>
