<annotation>
	<folder>imgs</folder>
	<filename>lt501_3954.jpg</filename>
	<path>E:\codes\lt\imgs\lt501_3954.jpg</path>
	<source>
		<database>Unknown</database>
	</source>
	<size>
		<width>1920</width>
		<height>1080</height>
		<depth>3</depth>
	</size>
	<segmented>0</segmented>
	<object>
		<name>bei</name>
		<pose>Unspecified</pose>
		<truncated>0</truncated>
		<difficult>0</difficult>
		<bndbox>
			<xmin>757</xmin>
			<ymin>286</ymin>
			<xmax>935</xmax>
			<ymax>465</ymax>
		</bndbox>
	</object>
	<object>
		<name>hand</name>
		<pose>Unspecified</pose>
		<truncated>0</truncated>
		<difficult>0</difficult>
		<bndbox>
			<xmin>711</xmin>
			<ymin>118</ymin>
			<xmax>993</xmax>
			<ymax>427</ymax>
		</bndbox>
	</object>
	<object>
		<name>liangdi</name>
		<pose>Unspecified</pose>
		<truncated>0</truncated>
		<difficult>0</difficult>
		<bndbox>
			<xmin>849</xmin>
			<ymin>651</ymin>
			<xmax>981</xmax>
			<ymax>764</ymax>
		</bndbox>
	</object>
	<object>
		<name>liangtong</name>
		<pose>Unspecified</pose>
		<truncated>0</truncated>
		<difficult>0</difficult>
		<bndbox>
			<xmin>836</xmin>
			<ymin>454</ymin>
			<xmax>976</xmax>
			<ymax>760</ymax>
		</bndbox>
	</object>
	<object>
		<name>shi</name>
		<pose>Unspecified</pose>
		<truncated>0</truncated>
		<difficult>0</difficult>
		<bndbox>
			<xmin>720</xmin>
			<ymin>3</ymin>
			<xmax>799</xmax>
			<ymax>62</ymax>
		</bndbox>
	</object>
	<object>
		<name>tuo</name>
		<pose>Unspecified</pose>
		<truncated>0</truncated>
		<difficult>0</difficult>
		<bndbox>
			<xmin>311</xmin>
			<ymin>121</ymin>
			<xmax>476</xmax>
			<ymax>257</ymax>
		</bndbox>
	</object>
</annotation>
