<annotation>
	<folder>imgs</folder>
	<filename>lt501_2520.jpg</filename>
	<path>E:\codes\lt\imgs\lt501_2520.jpg</path>
	<source>
		<database>Unknown</database>
	</source>
	<size>
		<width>1920</width>
		<height>1080</height>
		<depth>3</depth>
	</size>
	<segmented>0</segmented>
	<object>
		<name>bei</name>
		<pose>Unspecified</pose>
		<truncated>0</truncated>
		<difficult>0</difficult>
		<bndbox>
			<xmin>722</xmin>
			<ymin>253</ymin>
			<xmax>846</xmax>
			<ymax>423</ymax>
		</bndbox>
	</object>
	<object>
		<name>ao</name>
		<pose>Unspecified</pose>
		<truncated>0</truncated>
		<difficult>0</difficult>
		<bndbox>
			<xmin>1061</xmin>
			<ymin>422</ymin>
			<xmax>1128</xmax>
			<ymax>456</ymax>
		</bndbox>
	</object>
	<object>
		<name>liangdi</name>
		<pose>Unspecified</pose>
		<truncated>0</truncated>
		<difficult>0</difficult>
		<bndbox>
			<xmin>1016</xmin>
			<ymin>481</ymin>
			<xmax>1140</xmax>
			<ymax>593</ymax>
		</bndbox>
	</object>
	<object>
		<name>liangtong</name>
		<pose>Unspecified</pose>
		<truncated>0</truncated>
		<difficult>0</difficult>
		<bndbox>
			<xmin>1012</xmin>
			<ymin>235</ymin>
			<xmax>1169</xmax>
			<ymax>594</ymax>
		</bndbox>
	</object>
	<object>
		<name>shi</name>
		<pose>Unspecified</pose>
		<truncated>1</truncated>
		<difficult>0</difficult>
		<bndbox>
			<xmin>721</xmin>
			<ymin>1</ymin>
			<xmax>786</xmax>
			<ymax>53</ymax>
		</bndbox>
	</object>
	<object>
		<name>diguantou</name>
		<pose>Unspecified</pose>
		<truncated>0</truncated>
		<difficult>0</difficult>
		<bndbox>
			<xmin>1095</xmin>
			<ymin>21</ymin>
			<xmax>1139</xmax>
			<ymax>111</ymax>
		</bndbox>
	</object>
	<object>
		<name>diguan</name>
		<pose>Unspecified</pose>
		<truncated>0</truncated>
		<difficult>0</difficult>
		<bndbox>
			<xmin>1093</xmin>
			<ymin>16</ymin>
			<xmax>1144</xmax>
			<ymax>247</ymax>
		</bndbox>
	</object>
</annotation>
