<?xml version='1.0' encoding='UTF-8'?>
<annotation>
	<filename>M134_[275_417]47056155-86fd-11eb-aae6-2cea7fe7e3ec_2021-03-17-16-46-34_5b67a662-5157-4908-b356-8a707412be23_out_41_1_org_batch0_R_3.jpg</filename>
	<size>
		<width>512</width>
		<height>512</height>
		<depth>3</depth>
	</size>
	<object>
		<name>ans</name>
		<pose>Unspecified</pose>
		<truncated>0</truncated>
		<difficult>0</difficult>
		<bndbox>
			<xmin>36</xmin>
			<ymin>11</ymin>
			<xmax>84</xmax>
			<ymax>95</ymax>
		</bndbox>
	</object>
	<object>
		<name>ans</name>
		<pose>Unspecified</pose>
		<truncated>0</truncated>
		<difficult>0</difficult>
		<bndbox>
			<xmin>445</xmin>
			<ymin>98</ymin>
			<xmax>497</xmax>
			<ymax>184</ymax>
		</bndbox>
	</object>
	<object>
		<name>ans</name>
		<pose>Unspecified</pose>
		<truncated>0</truncated>
		<difficult>0</difficult>
		<bndbox>
			<xmin>281</xmin>
			<ymin>311</ymin>
			<xmax>510</xmax>
			<ymax>416</ymax>
		</bndbox>
	</object>
	<object>
		<name>ans</name>
		<pose>Unspecified</pose>
		<truncated>0</truncated>
		<difficult>0</difficult>
		<bndbox>
			<xmin>69</xmin>
			<ymin>130</ymin>
			<xmax>159</xmax>
			<ymax>194</ymax>
		</bndbox>
	</object>
</annotation>
