<?xml version='1.0' encoding='UTF-8'?>
<annotation>
	<filename>M134_[275_417]47056155-86fd-11eb-aae6-2cea7fe7e3ec_2021-03-17-16-46-34_5b67a662-5157-4908-b356-8a707412be23_out_38_1_org_batch0_R_3.jpg</filename>
	<size>
		<width>512</width>
		<height>512</height>
		<depth>3</depth>
	</size>
	<object>
		<name>ans</name>
		<pose>Unspecified</pose>
		<truncated>0</truncated>
		<difficult>0</difficult>
		<bndbox>
			<xmin>82</xmin>
			<ymin>137</ymin>
			<xmax>187</xmax>
			<ymax>198</ymax>
		</bndbox>
	</object>
	<object>
		<name>ans</name>
		<pose>Unspecified</pose>
		<truncated>0</truncated>
		<difficult>0</difficult>
		<bndbox>
			<xmin>224</xmin>
			<ymin>340</ymin>
			<xmax>469</xmax>
			<ymax>400</ymax>
		</bndbox>
	</object>
	<object>
		<name>ans</name>
		<pose>Unspecified</pose>
		<truncated>0</truncated>
		<difficult>0</difficult>
		<bndbox>
			<xmin>440</xmin>
			<ymin>49</ymin>
			<xmax>468</xmax>
			<ymax>96</ymax>
		</bndbox>
	</object>
	<object>
		<name>ans</name>
		<pose>Unspecified</pose>
		<truncated>0</truncated>
		<difficult>0</difficult>
		<bndbox>
			<xmin>86</xmin>
			<ymin>50</ymin>
			<xmax>152</xmax>
			<ymax>88</ymax>
		</bndbox>
	</object>
</annotation>
