<?xml version='1.0' encoding='UTF-8'?>
<annotation>
	<filename>M134_[275_417]024e77b3-86fd-11eb-aae6-2cea7fe7e3ec_2021-03-17-16-44-38_622d9110-178e-44b3-acc1-5681f8bfd55a_out_41_1_org_batch0_R_1.jpg</filename>
	<size>
		<width>512</width>
		<height>512</height>
		<depth>3</depth>
	</size>
	<object>
		<name>ans</name>
		<pose>Unspecified</pose>
		<truncated>0</truncated>
		<difficult>0</difficult>
		<bndbox>
			<xmin>276</xmin>
			<ymin>98</ymin>
			<xmax>330</xmax>
			<ymax>162</ymax>
		</bndbox>
	</object>
	<object>
		<name>ans</name>
		<pose>Unspecified</pose>
		<truncated>0</truncated>
		<difficult>0</difficult>
		<bndbox>
			<xmin>119</xmin>
			<ymin>300</ymin>
			<xmax>298</xmax>
			<ymax>377</ymax>
		</bndbox>
	</object>
	<object>
		<name>ans</name>
		<pose>Unspecified</pose>
		<truncated>0</truncated>
		<difficult>0</difficult>
		<bndbox>
			<xmin>295</xmin>
			<ymin>1</ymin>
			<xmax>341</xmax>
			<ymax>60</ymax>
		</bndbox>
	</object>
</annotation>
