<?xml version='1.0' encoding='UTF-8'?>
<annotation>
	<filename>M134_[275_417]47056155-86fd-11eb-aae6-2cea7fe7e3ec_2021-03-17-16-46-34_5b67a662-5157-4908-b356-8a707412be23_out_38_1_org_batch0_R_4.jpg</filename>
	<size>
		<width>512</width>
		<height>512</height>
		<depth>3</depth>
	</size>
	<object>
		<name>ans</name>
		<pose>Unspecified</pose>
		<truncated>0</truncated>
		<difficult>0</difficult>
		<bndbox>
			<xmin>68</xmin>
			<ymin>158</ymin>
			<xmax>173</xmax>
			<ymax>219</ymax>
		</bndbox>
	</object>
	<object>
		<name>ans</name>
		<pose>Unspecified</pose>
		<truncated>0</truncated>
		<difficult>0</difficult>
		<bndbox>
			<xmin>210</xmin>
			<ymin>361</ymin>
			<xmax>455</xmax>
			<ymax>421</ymax>
		</bndbox>
	</object>
	<object>
		<name>ans</name>
		<pose>Unspecified</pose>
		<truncated>0</truncated>
		<difficult>0</difficult>
		<bndbox>
			<xmin>426</xmin>
			<ymin>70</ymin>
			<xmax>454</xmax>
			<ymax>117</ymax>
		</bndbox>
	</object>
	<object>
		<name>ans</name>
		<pose>Unspecified</pose>
		<truncated>0</truncated>
		<difficult>0</difficult>
		<bndbox>
			<xmin>72</xmin>
			<ymin>71</ymin>
			<xmax>138</xmax>
			<ymax>109</ymax>
		</bndbox>
	</object>
</annotation>
