<?xml version='1.0' encoding='UTF-8'?>
<annotation>
	<filename>M134_[275_417]47056155-86fd-11eb-aae6-2cea7fe7e3ec_2021-03-17-16-46-34_5b67a662-5157-4908-b356-8a707412be23_out_41_1_org_batch0_R_5.jpg</filename>
	<size>
		<width>512</width>
		<height>512</height>
		<depth>3</depth>
	</size>
	<object>
		<name>ans</name>
		<pose>Unspecified</pose>
		<truncated>0</truncated>
		<difficult>0</difficult>
		<bndbox>
			<xmin>276</xmin>
			<ymin>111</ymin>
			<xmax>362</xmax>
			<ymax>208</ymax>
		</bndbox>
	</object>
	<object>
		<name>ans</name>
		<pose>Unspecified</pose>
		<truncated>0</truncated>
		<difficult>0</difficult>
		<bndbox>
			<xmin>295</xmin>
			<ymin>7</ymin>
			<xmax>381</xmax>
			<ymax>100</ymax>
		</bndbox>
	</object>
</annotation>
