<?xml version='1.0' encoding='UTF-8'?>
<annotation>
	<filename>M134_[275_417]024e77b3-86fd-11eb-aae6-2cea7fe7e3ec_2021-03-17-16-44-38_622d9110-178e-44b3-acc1-5681f8bfd55a_out_41_1_bg_batch0_R_1.jpg</filename>
	<size>
		<width>512</width>
		<height>512</height>
		<depth>3</depth>
	</size>
	<object>
		<name>ans</name>
		<pose>Unspecified</pose>
		<truncated>0</truncated>
		<difficult>0</difficult>
		<bndbox>
			<xmin>406</xmin>
			<ymin>162</ymin>
			<xmax>460</xmax>
			<ymax>226</ymax>
		</bndbox>
	</object>
	<object>
		<name>ans</name>
		<pose>Unspecified</pose>
		<truncated>0</truncated>
		<difficult>0</difficult>
		<bndbox>
			<xmin>249</xmin>
			<ymin>364</ymin>
			<xmax>428</xmax>
			<ymax>441</ymax>
		</bndbox>
	</object>
	<object>
		<name>ans</name>
		<pose>Unspecified</pose>
		<truncated>0</truncated>
		<difficult>0</difficult>
		<bndbox>
			<xmin>27</xmin>
			<ymin>169</ymin>
			<xmax>86</xmax>
			<ymax>225</ymax>
		</bndbox>
	</object>
	<object>
		<name>ans</name>
		<pose>Unspecified</pose>
		<truncated>0</truncated>
		<difficult>0</difficult>
		<bndbox>
			<xmin>425</xmin>
			<ymin>65</ymin>
			<xmax>471</xmax>
			<ymax>124</ymax>
		</bndbox>
	</object>
	<object>
		<name>ans</name>
		<pose>Unspecified</pose>
		<truncated>0</truncated>
		<difficult>0</difficult>
		<bndbox>
			<xmin>6</xmin>
			<ymin>66</ymin>
			<xmax>34</xmax>
			<ymax>125</ymax>
		</bndbox>
	</object>
</annotation>
