<?xml version='1.0' encoding='UTF-8'?>
<annotation>
	<filename>M134_[275_417]01e7b375-86fd-11eb-aae6-2cea7fe7e3ec_2021-03-17-16-44-38_1b66cfb7-36a4-45c2-bd6d-e1f9893764d0_out_104_1_org_batch0_R_3.jpg</filename>
	<size>
		<width>512</width>
		<height>512</height>
		<depth>3</depth>
	</size>
	<object>
		<name>ans</name>
		<pose>Unspecified</pose>
		<truncated>0</truncated>
		<difficult>0</difficult>
		<bndbox>
			<xmin>45</xmin>
			<ymin>120</ymin>
			<xmax>164</xmax>
			<ymax>207</ymax>
		</bndbox>
	</object>
	<object>
		<name>ans</name>
		<pose>Unspecified</pose>
		<truncated>0</truncated>
		<difficult>0</difficult>
		<bndbox>
			<xmin>432</xmin>
			<ymin>12</ymin>
			<xmax>485</xmax>
			<ymax>83</ymax>
		</bndbox>
	</object>
	<object>
		<name>ans</name>
		<pose>Unspecified</pose>
		<truncated>0</truncated>
		<difficult>0</difficult>
		<bndbox>
			<xmin>203</xmin>
			<ymin>308</ymin>
			<xmax>444</xmax>
			<ymax>396</ymax>
		</bndbox>
	</object>
	<object>
		<name>ans</name>
		<pose>Unspecified</pose>
		<truncated>0</truncated>
		<difficult>0</difficult>
		<bndbox>
			<xmin>40</xmin>
			<ymin>20</ymin>
			<xmax>142</xmax>
			<ymax>105</ymax>
		</bndbox>
	</object>
</annotation>
