<?xml version='1.0' encoding='UTF-8'?>
<annotation>
	<filename>M134_[275_417]47056155-86fd-11eb-aae6-2cea7fe7e3ec_2021-03-17-16-46-34_5b67a662-5157-4908-b356-8a707412be23_out_20_1_org_batch0_R_1.jpg</filename>
	<size>
		<width>512</width>
		<height>512</height>
		<depth>3</depth>
	</size>
	<object>
		<name>ans</name>
		<pose>Unspecified</pose>
		<truncated>0</truncated>
		<difficult>0</difficult>
		<bndbox>
			<xmin>41</xmin>
			<ymin>300</ymin>
			<xmax>280</xmax>
			<ymax>384</ymax>
		</bndbox>
	</object>
	<object>
		<name>ans</name>
		<pose>Unspecified</pose>
		<truncated>0</truncated>
		<difficult>0</difficult>
		<bndbox>
			<xmin>215</xmin>
			<ymin>7</ymin>
			<xmax>275</xmax>
			<ymax>99</ymax>
		</bndbox>
	</object>
	<object>
		<name>ans</name>
		<pose>Unspecified</pose>
		<truncated>0</truncated>
		<difficult>0</difficult>
		<bndbox>
			<xmin>192</xmin>
			<ymin>117</ymin>
			<xmax>258</xmax>
			<ymax>196</ymax>
		</bndbox>
	</object>
</annotation>
