<?xml version='1.0' encoding='UTF-8'?>
<annotation>
	<filename>M134_[275_417]01e7b375-86fd-11eb-aae6-2cea7fe7e3ec_2021-03-17-16-44-38_1b66cfb7-36a4-45c2-bd6d-e1f9893764d0_out_38_1_org_batch0_R_4.jpg</filename>
	<size>
		<width>512</width>
		<height>512</height>
		<depth>3</depth>
	</size>
	<object>
		<name>ans</name>
		<pose>Unspecified</pose>
		<truncated>0</truncated>
		<difficult>0</difficult>
		<bndbox>
			<xmin>440</xmin>
			<ymin>64</ymin>
			<xmax>502</xmax>
			<ymax>113</ymax>
		</bndbox>
	</object>
	<object>
		<name>ans</name>
		<pose>Unspecified</pose>
		<truncated>0</truncated>
		<difficult>0</difficult>
		<bndbox>
			<xmin>10</xmin>
			<ymin>159</ymin>
			<xmax>61</xmax>
			<ymax>217</ymax>
		</bndbox>
	</object>
	<object>
		<name>ans</name>
		<pose>Unspecified</pose>
		<truncated>0</truncated>
		<difficult>0</difficult>
		<bndbox>
			<xmin>434</xmin>
			<ymin>155</ymin>
			<xmax>495</xmax>
			<ymax>217</ymax>
		</bndbox>
	</object>
	<object>
		<name>ans</name>
		<pose>Unspecified</pose>
		<truncated>0</truncated>
		<difficult>0</difficult>
		<bndbox>
			<xmin>34</xmin>
			<ymin>59</ymin>
			<xmax>86</xmax>
			<ymax>116</ymax>
		</bndbox>
	</object>
</annotation>
