<?xml version='1.0' encoding='UTF-8'?>
<annotation>
	<filename>M134_[275_417]024e77b3-86fd-11eb-aae6-2cea7fe7e3ec_2021-03-17-16-44-38_622d9110-178e-44b3-acc1-5681f8bfd55a_out_71_1_bg_batch0_R_5.jpg</filename>
	<size>
		<width>512</width>
		<height>512</height>
		<depth>3</depth>
	</size>
	<object>
		<name>ans</name>
		<pose>Unspecified</pose>
		<truncated>0</truncated>
		<difficult>0</difficult>
		<bndbox>
			<xmin>49</xmin>
			<ymin>19</ymin>
			<xmax>98</xmax>
			<ymax>76</ymax>
		</bndbox>
	</object>
	<object>
		<name>ans</name>
		<pose>Unspecified</pose>
		<truncated>0</truncated>
		<difficult>0</difficult>
		<bndbox>
			<xmin>443</xmin>
			<ymin>27</ymin>
			<xmax>509</xmax>
			<ymax>82</ymax>
		</bndbox>
	</object>
	<object>
		<name>ans</name>
		<pose>Unspecified</pose>
		<truncated>0</truncated>
		<difficult>0</difficult>
		<bndbox>
			<xmin>17</xmin>
			<ymin>116</ymin>
			<xmax>69</xmax>
			<ymax>176</ymax>
		</bndbox>
	</object>
</annotation>
