<?xml version='1.0' encoding='UTF-8'?>
<annotation>
	<filename>M134_[275_417]024e77b3-86fd-11eb-aae6-2cea7fe7e3ec_2021-03-17-16-44-38_622d9110-178e-44b3-acc1-5681f8bfd55a_out_8_1_bg_batch0_R_5.jpg</filename>
	<size>
		<width>512</width>
		<height>512</height>
		<depth>3</depth>
	</size>
	<object>
		<name>ans</name>
		<pose>Unspecified</pose>
		<truncated>0</truncated>
		<difficult>0</difficult>
		<bndbox>
			<xmin>28</xmin>
			<ymin>82</ymin>
			<xmax>92</xmax>
			<ymax>146</ymax>
		</bndbox>
	</object>
</annotation>
