<?xml version='1.0' encoding='UTF-8'?>
<annotation>
	<filename>M134_[275_417]01e7b375-86fd-11eb-aae6-2cea7fe7e3ec_2021-03-17-16-44-38_1b66cfb7-36a4-45c2-bd6d-e1f9893764d0_out_38_1_bg_batch0_R_0.jpg</filename>
	<size>
		<width>512</width>
		<height>512</height>
		<depth>3</depth>
	</size>
	<object>
		<name>ans</name>
		<pose>Unspecified</pose>
		<truncated>0</truncated>
		<difficult>0</difficult>
		<bndbox>
			<xmin>46</xmin>
			<ymin>145</ymin>
			<xmax>105</xmax>
			<ymax>202</ymax>
		</bndbox>
	</object>
	<object>
		<name>ans</name>
		<pose>Unspecified</pose>
		<truncated>0</truncated>
		<difficult>0</difficult>
		<bndbox>
			<xmin>257</xmin>
			<ymin>347</ymin>
			<xmax>426</xmax>
			<ymax>406</ymax>
		</bndbox>
	</object>
	<object>
		<name>ans</name>
		<pose>Unspecified</pose>
		<truncated>0</truncated>
		<difficult>0</difficult>
		<bndbox>
			<xmin>423</xmin>
			<ymin>148</ymin>
			<xmax>474</xmax>
			<ymax>206</ymax>
		</bndbox>
	</object>
	<object>
		<name>ans</name>
		<pose>Unspecified</pose>
		<truncated>0</truncated>
		<difficult>0</difficult>
		<bndbox>
			<xmin>447</xmin>
			<ymin>48</ymin>
			<xmax>499</xmax>
			<ymax>105</ymax>
		</bndbox>
	</object>
</annotation>
