<?xml version='1.0' encoding='UTF-8'?>
<annotation>
	<filename>M136_[2585_1123]_img1_91_org_batch0_R_2.jpg</filename>
	<size>
		<width>512</width>
		<height>512</height>
		<depth>3</depth>
	</size>
	<object>
		<name>ans</name>
		<pose>Unspecified</pose>
		<truncated>0</truncated>
		<difficult>0</difficult>
		<bndbox>
			<xmin>318</xmin>
			<ymin>429</ymin>
			<xmax>376</xmax>
			<ymax>481</ymax>
		</bndbox>
	</object>
	<object>
		<name>ans</name>
		<pose>Unspecified</pose>
		<truncated>0</truncated>
		<difficult>0</difficult>
		<bndbox>
			<xmin>162</xmin>
			<ymin>136</ymin>
			<xmax>265</xmax>
			<ymax>205</ymax>
		</bndbox>
	</object>
	<object>
		<name>ans</name>
		<pose>Unspecified</pose>
		<truncated>0</truncated>
		<difficult>0</difficult>
		<bndbox>
			<xmin>183</xmin>
			<ymin>329</ymin>
			<xmax>229</xmax>
			<ymax>378</ymax>
		</bndbox>
	</object>
	<object>
		<name>ans</name>
		<pose>Unspecified</pose>
		<truncated>0</truncated>
		<difficult>0</difficult>
		<bndbox>
			<xmin>189</xmin>
			<ymin>44</ymin>
			<xmax>278</xmax>
			<ymax>113</ymax>
		</bndbox>
	</object>
</annotation>
