<?xml version='1.0' encoding='UTF-8'?>
<annotation>
	<filename>M136_[603_1847]_img1_141_org_batch0_R_18.jpg</filename>
	<size>
		<width>512</width>
		<height>512</height>
		<depth>3</depth>
	</size>
	<object>
		<name>ans</name>
		<pose>Unspecified</pose>
		<truncated>0</truncated>
		<difficult>0</difficult>
		<bndbox>
			<xmin>360</xmin>
			<ymin>403</ymin>
			<xmax>420</xmax>
			<ymax>494</ymax>
		</bndbox>
	</object>
	<object>
		<name>ans</name>
		<pose>Unspecified</pose>
		<truncated>0</truncated>
		<difficult>0</difficult>
		<bndbox>
			<xmin>6</xmin>
			<ymin>307</ymin>
			<xmax>79</xmax>
			<ymax>393</ymax>
		</bndbox>
	</object>
</annotation>
