<?xml version='1.0' encoding='UTF-8'?>
<annotation>
	<filename>M136_[603_1847]_img1_51_org_batch0_R_13.jpg</filename>
	<size>
		<width>512</width>
		<height>512</height>
		<depth>3</depth>
	</size>
	<object>
		<name>ans</name>
		<pose>Unspecified</pose>
		<truncated>0</truncated>
		<difficult>0</difficult>
		<bndbox>
			<xmin>127</xmin>
			<ymin>103</ymin>
			<xmax>216</xmax>
			<ymax>192</ymax>
		</bndbox>
	</object>
	<object>
		<name>ans</name>
		<pose>Unspecified</pose>
		<truncated>0</truncated>
		<difficult>0</difficult>
		<bndbox>
			<xmin>289</xmin>
			<ymin>338</ymin>
			<xmax>364</xmax>
			<ymax>397</ymax>
		</bndbox>
	</object>
	<object>
		<name>ans</name>
		<pose>Unspecified</pose>
		<truncated>0</truncated>
		<difficult>0</difficult>
		<bndbox>
			<xmin>388</xmin>
			<ymin>12</ymin>
			<xmax>442</xmax>
			<ymax>102</ymax>
		</bndbox>
	</object>
</annotation>
