<?xml version='1.0' encoding='UTF-8'?>
<annotation>
	<filename>M136_[2585_1123]_img1_91_org_batch0_R_3.jpg</filename>
	<size>
		<width>512</width>
		<height>512</height>
		<depth>3</depth>
	</size>
	<object>
		<name>ans</name>
		<pose>Unspecified</pose>
		<truncated>0</truncated>
		<difficult>0</difficult>
		<bndbox>
			<xmin>48</xmin>
			<ymin>162</ymin>
			<xmax>144</xmax>
			<ymax>220</ymax>
		</bndbox>
	</object>
	<object>
		<name>ans</name>
		<pose>Unspecified</pose>
		<truncated>0</truncated>
		<difficult>0</difficult>
		<bndbox>
			<xmin>425</xmin>
			<ymin>434</ymin>
			<xmax>457</xmax>
			<ymax>490</ymax>
		</bndbox>
	</object>
	<object>
		<name>ans</name>
		<pose>Unspecified</pose>
		<truncated>0</truncated>
		<difficult>0</difficult>
		<bndbox>
			<xmin>396</xmin>
			<ymin>339</ymin>
			<xmax>448</xmax>
			<ymax>391</ymax>
		</bndbox>
	</object>
</annotation>
