<?xml version='1.0' encoding='UTF-8'?>
<annotation>
	<filename>M136_[603_1847]_img1_141_org_batch0_R_5.jpg</filename>
	<size>
		<width>512</width>
		<height>512</height>
		<depth>3</depth>
	</size>
	<object>
		<name>ans</name>
		<pose>Unspecified</pose>
		<truncated>0</truncated>
		<difficult>0</difficult>
		<bndbox>
			<xmin>284</xmin>
			<ymin>145</ymin>
			<xmax>376</xmax>
			<ymax>236</ymax>
		</bndbox>
	</object>
	<object>
		<name>ans</name>
		<pose>Unspecified</pose>
		<truncated>0</truncated>
		<difficult>0</difficult>
		<bndbox>
			<xmin>58</xmin>
			<ymin>278</ymin>
			<xmax>151</xmax>
			<ymax>337</ymax>
		</bndbox>
	</object>
	<object>
		<name>ans</name>
		<pose>Unspecified</pose>
		<truncated>0</truncated>
		<difficult>0</difficult>
		<bndbox>
			<xmin>211</xmin>
			<ymin>360</ymin>
			<xmax>258</xmax>
			<ymax>447</ymax>
		</bndbox>
	</object>
</annotation>
