<?xml version='1.0' encoding='UTF-8'?>
<annotation>
	<filename>M136_[603_1847]_img1_51_org_batch0_R_9.jpg</filename>
	<size>
		<width>512</width>
		<height>512</height>
		<depth>3</depth>
	</size>
	<object>
		<name>ans</name>
		<pose>Unspecified</pose>
		<truncated>0</truncated>
		<difficult>0</difficult>
		<bndbox>
			<xmin>62</xmin>
			<ymin>162</ymin>
			<xmax>151</xmax>
			<ymax>251</ymax>
		</bndbox>
	</object>
	<object>
		<name>ans</name>
		<pose>Unspecified</pose>
		<truncated>0</truncated>
		<difficult>0</difficult>
		<bndbox>
			<xmin>224</xmin>
			<ymin>397</ymin>
			<xmax>299</xmax>
			<ymax>456</ymax>
		</bndbox>
	</object>
	<object>
		<name>ans</name>
		<pose>Unspecified</pose>
		<truncated>0</truncated>
		<difficult>0</difficult>
		<bndbox>
			<xmin>323</xmin>
			<ymin>71</ymin>
			<xmax>377</xmax>
			<ymax>161</ymax>
		</bndbox>
	</object>
</annotation>
