<?xml version='1.0' encoding='UTF-8'?>
<annotation>
	<filename>M136_[603_1847]_img1_141_org_batch0_R_1.jpg</filename>
	<size>
		<width>512</width>
		<height>512</height>
		<depth>3</depth>
	</size>
	<object>
		<name>ans</name>
		<pose>Unspecified</pose>
		<truncated>0</truncated>
		<difficult>0</difficult>
		<bndbox>
			<xmin>436</xmin>
			<ymin>375</ymin>
			<xmax>488</xmax>
			<ymax>442</ymax>
		</bndbox>
	</object>
	<object>
		<name>ans</name>
		<pose>Unspecified</pose>
		<truncated>0</truncated>
		<difficult>0</difficult>
		<bndbox>
			<xmin>458</xmin>
			<ymin>172</ymin>
			<xmax>503</xmax>
			<ymax>230</ymax>
		</bndbox>
	</object>
</annotation>
