<?xml version='1.0' encoding='UTF-8'?>
<annotation>
	<filename>M136_[2585_1123]_img1_91_bg_batch0_R_5.jpg</filename>
	<size>
		<width>512</width>
		<height>512</height>
		<depth>3</depth>
	</size>
	<object>
		<name>ans</name>
		<pose>Unspecified</pose>
		<truncated>0</truncated>
		<difficult>0</difficult>
		<bndbox>
			<xmin>57</xmin>
			<ymin>383</ymin>
			<xmax>115</xmax>
			<ymax>435</ymax>
		</bndbox>
	</object>
	<object>
		<name>ans</name>
		<pose>Unspecified</pose>
		<truncated>0</truncated>
		<difficult>0</difficult>
		<bndbox>
			<xmin>254</xmin>
			<ymin>284</ymin>
			<xmax>313</xmax>
			<ymax>335</ymax>
		</bndbox>
	</object>
</annotation>
