<?xml version='1.0' encoding='UTF-8'?>
<annotation>
	<filename>M136_[2585_1123]_img1_91_org_batch0_R_4.jpg</filename>
	<size>
		<width>512</width>
		<height>512</height>
		<depth>3</depth>
	</size>
	<object>
		<name>ans</name>
		<pose>Unspecified</pose>
		<truncated>0</truncated>
		<difficult>0</difficult>
		<bndbox>
			<xmin>155</xmin>
			<ymin>279</ymin>
			<xmax>214</xmax>
			<ymax>330</ymax>
		</bndbox>
	</object>
	<object>
		<name>ans</name>
		<pose>Unspecified</pose>
		<truncated>0</truncated>
		<difficult>0</difficult>
		<bndbox>
			<xmin>407</xmin>
			<ymin>93</ymin>
			<xmax>503</xmax>
			<ymax>151</ymax>
		</bndbox>
	</object>
</annotation>
