<?xml version='1.0' encoding='UTF-8'?>
<annotation>
	<filename>M137_[417_1597]_img1_101_bg_batch0_R_4.jpg</filename>
	<size>
		<width>512</width>
		<height>512</height>
		<depth>3</depth>
	</size>
	<object>
		<name>ans</name>
		<pose>Unspecified</pose>
		<truncated>0</truncated>
		<difficult>0</difficult>
		<bndbox>
			<xmin>10</xmin>
			<ymin>409</ymin>
			<xmax>58</xmax>
			<ymax>484</ymax>
		</bndbox>
	</object>
	<object>
		<name>ans</name>
		<pose>Unspecified</pose>
		<truncated>0</truncated>
		<difficult>0</difficult>
		<bndbox>
			<xmin>7</xmin>
			<ymin>57</ymin>
			<xmax>78</xmax>
			<ymax>161</ymax>
		</bndbox>
	</object>
</annotation>
