<?xml version='1.0' encoding='UTF-8'?>
<annotation>
	<filename>M137_[417_1597]_img1_371_bg_batch0_R_4.jpg</filename>
	<size>
		<width>512</width>
		<height>512</height>
		<depth>3</depth>
	</size>
	<object>
		<name>ans</name>
		<pose>Unspecified</pose>
		<truncated>0</truncated>
		<difficult>0</difficult>
		<bndbox>
			<xmin>373</xmin>
			<ymin>180</ymin>
			<xmax>433</xmax>
			<ymax>268</ymax>
		</bndbox>
	</object>
	<object>
		<name>ans</name>
		<pose>Unspecified</pose>
		<truncated>0</truncated>
		<difficult>0</difficult>
		<bndbox>
			<xmin>373</xmin>
			<ymin>285</ymin>
			<xmax>442</xmax>
			<ymax>385</ymax>
		</bndbox>
	</object>
	<object>
		<name>ans</name>
		<pose>Unspecified</pose>
		<truncated>0</truncated>
		<difficult>0</difficult>
		<bndbox>
			<xmin>300</xmin>
			<ymin>420</ymin>
			<xmax>353</xmax>
			<ymax>494</ymax>
		</bndbox>
	</object>
	<object>
		<name>ans</name>
		<pose>Unspecified</pose>
		<truncated>0</truncated>
		<difficult>0</difficult>
		<bndbox>
			<xmin>384</xmin>
			<ymin>94</ymin>
			<xmax>464</xmax>
			<ymax>163</ymax>
		</bndbox>
	</object>
</annotation>
