<?xml version='1.0' encoding='UTF-8'?>
<annotation>
	<filename>M137_[417_1597]_img1_503_org_batch0_R_0.jpg</filename>
	<size>
		<width>512</width>
		<height>512</height>
		<depth>3</depth>
	</size>
	<object>
		<name>ans</name>
		<pose>Unspecified</pose>
		<truncated>0</truncated>
		<difficult>0</difficult>
		<bndbox>
			<xmin>183</xmin>
			<ymin>74</ymin>
			<xmax>242</xmax>
			<ymax>136</ymax>
		</bndbox>
	</object>
	<object>
		<name>ans</name>
		<pose>Unspecified</pose>
		<truncated>0</truncated>
		<difficult>0</difficult>
		<bndbox>
			<xmin>174</xmin>
			<ymin>267</ymin>
			<xmax>269</xmax>
			<ymax>361</ymax>
		</bndbox>
	</object>
	<object>
		<name>ans</name>
		<pose>Unspecified</pose>
		<truncated>0</truncated>
		<difficult>0</difficult>
		<bndbox>
			<xmin>220</xmin>
			<ymin>404</ymin>
			<xmax>279</xmax>
			<ymax>466</ymax>
		</bndbox>
	</object>
	<object>
		<name>ans</name>
		<pose>Unspecified</pose>
		<truncated>0</truncated>
		<difficult>0</difficult>
		<bndbox>
			<xmin>164</xmin>
			<ymin>181</ymin>
			<xmax>240</xmax>
			<ymax>256</ymax>
		</bndbox>
	</object>
</annotation>
