<?xml version='1.0' encoding='UTF-8'?>
<annotation>
	<filename>M137_[417_1597]_img1_371_bg_batch0_R_0.jpg</filename>
	<size>
		<width>512</width>
		<height>512</height>
		<depth>3</depth>
	</size>
	<object>
		<name>ans</name>
		<pose>Unspecified</pose>
		<truncated>0</truncated>
		<difficult>0</difficult>
		<bndbox>
			<xmin>88</xmin>
			<ymin>119</ymin>
			<xmax>148</xmax>
			<ymax>207</ymax>
		</bndbox>
	</object>
	<object>
		<name>ans</name>
		<pose>Unspecified</pose>
		<truncated>0</truncated>
		<difficult>0</difficult>
		<bndbox>
			<xmin>88</xmin>
			<ymin>224</ymin>
			<xmax>157</xmax>
			<ymax>324</ymax>
		</bndbox>
	</object>
	<object>
		<name>ans</name>
		<pose>Unspecified</pose>
		<truncated>0</truncated>
		<difficult>0</difficult>
		<bndbox>
			<xmin>15</xmin>
			<ymin>359</ymin>
			<xmax>68</xmax>
			<ymax>433</ymax>
		</bndbox>
	</object>
	<object>
		<name>ans</name>
		<pose>Unspecified</pose>
		<truncated>0</truncated>
		<difficult>0</difficult>
		<bndbox>
			<xmin>99</xmin>
			<ymin>33</ymin>
			<xmax>179</xmax>
			<ymax>102</ymax>
		</bndbox>
	</object>
</annotation>
