<?xml version='1.0' encoding='UTF-8'?>
<annotation>
	<filename>M138_[457_1637]_img1_211_org_batch0_R_19.jpg</filename>
	<size>
		<width>512</width>
		<height>512</height>
		<depth>3</depth>
	</size>
	<object>
		<name>ans</name>
		<pose>Unspecified</pose>
		<truncated>0</truncated>
		<difficult>0</difficult>
		<bndbox>
			<xmin>361</xmin>
			<ymin>372</ymin>
			<xmax>425</xmax>
			<ymax>446</ymax>
		</bndbox>
	</object>
	<object>
		<name>ans</name>
		<pose>Unspecified</pose>
		<truncated>0</truncated>
		<difficult>0</difficult>
		<bndbox>
			<xmin>372</xmin>
			<ymin>267</ymin>
			<xmax>423</xmax>
			<ymax>320</ymax>
		</bndbox>
	</object>
	<object>
		<name>ans</name>
		<pose>Unspecified</pose>
		<truncated>0</truncated>
		<difficult>0</difficult>
		<bndbox>
			<xmin>388</xmin>
			<ymin>114</ymin>
			<xmax>432</xmax>
			<ymax>174</ymax>
		</bndbox>
	</object>
</annotation>
