<?xml version='1.0' encoding='UTF-8'?>
<annotation>
	<filename>M138_[457_1637]_img1_211_org_batch0_R_7.jpg</filename>
	<size>
		<width>512</width>
		<height>512</height>
		<depth>3</depth>
	</size>
	<object>
		<name>ans</name>
		<pose>Unspecified</pose>
		<truncated>0</truncated>
		<difficult>0</difficult>
		<bndbox>
			<xmin>158</xmin>
			<ymin>432</ymin>
			<xmax>222</xmax>
			<ymax>506</ymax>
		</bndbox>
	</object>
	<object>
		<name>ans</name>
		<pose>Unspecified</pose>
		<truncated>0</truncated>
		<difficult>0</difficult>
		<bndbox>
			<xmin>169</xmin>
			<ymin>327</ymin>
			<xmax>220</xmax>
			<ymax>380</ymax>
		</bndbox>
	</object>
	<object>
		<name>ans</name>
		<pose>Unspecified</pose>
		<truncated>0</truncated>
		<difficult>0</difficult>
		<bndbox>
			<xmin>168</xmin>
			<ymin>45</ymin>
			<xmax>220</xmax>
			<ymax>134</ymax>
		</bndbox>
	</object>
	<object>
		<name>ans</name>
		<pose>Unspecified</pose>
		<truncated>0</truncated>
		<difficult>0</difficult>
		<bndbox>
			<xmin>185</xmin>
			<ymin>174</ymin>
			<xmax>229</xmax>
			<ymax>234</ymax>
		</bndbox>
	</object>
</annotation>
