<?xml version='1.0' encoding='UTF-8'?>
<annotation>
	<filename>M138_[457_1637]_img1_231_org_batch0_R_19.jpg</filename>
	<size>
		<width>512</width>
		<height>512</height>
		<depth>3</depth>
	</size>
	<object>
		<name>ans</name>
		<pose>Unspecified</pose>
		<truncated>0</truncated>
		<difficult>0</difficult>
		<bndbox>
			<xmin>164</xmin>
			<ymin>73</ymin>
			<xmax>226</xmax>
			<ymax>176</ymax>
		</bndbox>
	</object>
	<object>
		<name>ans</name>
		<pose>Unspecified</pose>
		<truncated>0</truncated>
		<difficult>0</difficult>
		<bndbox>
			<xmin>191</xmin>
			<ymin>354</ymin>
			<xmax>263</xmax>
			<ymax>428</ymax>
		</bndbox>
	</object>
	<object>
		<name>ans</name>
		<pose>Unspecified</pose>
		<truncated>0</truncated>
		<difficult>0</difficult>
		<bndbox>
			<xmin>103</xmin>
			<ymin>243</ymin>
			<xmax>154</xmax>
			<ymax>317</ymax>
		</bndbox>
	</object>
</annotation>
