<?xml version='1.0' encoding='UTF-8'?>
<annotation>
	<filename>M138_[457_1637]_img1_211_org_batch0_R_6.jpg</filename>
	<size>
		<width>512</width>
		<height>512</height>
		<depth>3</depth>
	</size>
	<object>
		<name>ans</name>
		<pose>Unspecified</pose>
		<truncated>0</truncated>
		<difficult>0</difficult>
		<bndbox>
			<xmin>90</xmin>
			<ymin>395</ymin>
			<xmax>154</xmax>
			<ymax>469</ymax>
		</bndbox>
	</object>
	<object>
		<name>ans</name>
		<pose>Unspecified</pose>
		<truncated>0</truncated>
		<difficult>0</difficult>
		<bndbox>
			<xmin>101</xmin>
			<ymin>290</ymin>
			<xmax>152</xmax>
			<ymax>343</ymax>
		</bndbox>
	</object>
	<object>
		<name>ans</name>
		<pose>Unspecified</pose>
		<truncated>0</truncated>
		<difficult>0</difficult>
		<bndbox>
			<xmin>100</xmin>
			<ymin>8</ymin>
			<xmax>152</xmax>
			<ymax>97</ymax>
		</bndbox>
	</object>
	<object>
		<name>ans</name>
		<pose>Unspecified</pose>
		<truncated>0</truncated>
		<difficult>0</difficult>
		<bndbox>
			<xmin>117</xmin>
			<ymin>137</ymin>
			<xmax>161</xmax>
			<ymax>197</ymax>
		</bndbox>
	</object>
</annotation>
