<?xml version='1.0' encoding='UTF-8'?>
<annotation>
	<filename>M138_[457_1637]_img1_231_org_batch0_R_14.jpg</filename>
	<size>
		<width>512</width>
		<height>512</height>
		<depth>3</depth>
	</size>
	<object>
		<name>ans</name>
		<pose>Unspecified</pose>
		<truncated>0</truncated>
		<difficult>0</difficult>
		<bndbox>
			<xmin>200</xmin>
			<ymin>329</ymin>
			<xmax>262</xmax>
			<ymax>432</ymax>
		</bndbox>
	</object>
	<object>
		<name>ans</name>
		<pose>Unspecified</pose>
		<truncated>0</truncated>
		<difficult>0</difficult>
		<bndbox>
			<xmin>40</xmin>
			<ymin>235</ymin>
			<xmax>89</xmax>
			<ymax>318</ymax>
		</bndbox>
	</object>
	<object>
		<name>ans</name>
		<pose>Unspecified</pose>
		<truncated>0</truncated>
		<difficult>0</difficult>
		<bndbox>
			<xmin>63</xmin>
			<ymin>116</ymin>
			<xmax>110</xmax>
			<ymax>179</ymax>
		</bndbox>
	</object>
</annotation>
