<?xml version='1.0' encoding='UTF-8'?>
<annotation>
	<filename>M139_[351_1887]_img2_403_org_batch0_R_1.jpg</filename>
	<size>
		<width>512</width>
		<height>512</height>
		<depth>3</depth>
	</size>
	<object>
		<name>ans</name>
		<pose>Unspecified</pose>
		<truncated>0</truncated>
		<difficult>0</difficult>
		<bndbox>
			<xmin>427</xmin>
			<ymin>341</ymin>
			<xmax>471</xmax>
			<ymax>402</ymax>
		</bndbox>
	</object>
	<object>
		<name>ans</name>
		<pose>Unspecified</pose>
		<truncated>0</truncated>
		<difficult>0</difficult>
		<bndbox>
			<xmin>443</xmin>
			<ymin>237</ymin>
			<xmax>483</xmax>
			<ymax>294</ymax>
		</bndbox>
	</object>
</annotation>
