<?xml version='1.0' encoding='UTF-8'?>
<annotation>
	<filename>M139_[351_1887]_img2_403_org_batch0_R_18.jpg</filename>
	<size>
		<width>512</width>
		<height>512</height>
		<depth>3</depth>
	</size>
	<object>
		<name>ans</name>
		<pose>Unspecified</pose>
		<truncated>0</truncated>
		<difficult>0</difficult>
		<bndbox>
			<xmin>448</xmin>
			<ymin>65</ymin>
			<xmax>499</xmax>
			<ymax>141</ymax>
		</bndbox>
	</object>
	<object>
		<name>ans</name>
		<pose>Unspecified</pose>
		<truncated>0</truncated>
		<difficult>0</difficult>
		<bndbox>
			<xmin>345</xmin>
			<ymin>285</ymin>
			<xmax>389</xmax>
			<ymax>346</ymax>
		</bndbox>
	</object>
	<object>
		<name>ans</name>
		<pose>Unspecified</pose>
		<truncated>0</truncated>
		<difficult>0</difficult>
		<bndbox>
			<xmin>361</xmin>
			<ymin>181</ymin>
			<xmax>401</xmax>
			<ymax>238</ymax>
		</bndbox>
	</object>
</annotation>
