<?xml version='1.0' encoding='UTF-8'?>
<annotation>
	<filename>M139_[351_1887]_img2_271_org_batch0_R_6.jpg</filename>
	<size>
		<width>512</width>
		<height>512</height>
		<depth>3</depth>
	</size>
	<object>
		<name>ans</name>
		<pose>Unspecified</pose>
		<truncated>0</truncated>
		<difficult>0</difficult>
		<bndbox>
			<xmin>452</xmin>
			<ymin>50</ymin>
			<xmax>500</xmax>
			<ymax>115</ymax>
		</bndbox>
	</object>
	<object>
		<name>ans</name>
		<pose>Unspecified</pose>
		<truncated>0</truncated>
		<difficult>0</difficult>
		<bndbox>
			<xmin>439</xmin>
			<ymin>132</ymin>
			<xmax>496</xmax>
			<ymax>212</ymax>
		</bndbox>
	</object>
	<object>
		<name>ans</name>
		<pose>Unspecified</pose>
		<truncated>0</truncated>
		<difficult>0</difficult>
		<bndbox>
			<xmin>432</xmin>
			<ymin>240</ymin>
			<xmax>476</xmax>
			<ymax>315</ymax>
		</bndbox>
	</object>
</annotation>
