<?xml version='1.0' encoding='UTF-8'?>
<annotation>
	<filename>M139_[351_1887]_img2_43_org_batch0_R_11.jpg</filename>
	<size>
		<width>512</width>
		<height>512</height>
		<depth>3</depth>
	</size>
	<object>
		<name>ans</name>
		<pose>Unspecified</pose>
		<truncated>0</truncated>
		<difficult>0</difficult>
		<bndbox>
			<xmin>141</xmin>
			<ymin>317</ymin>
			<xmax>219</xmax>
			<ymax>446</ymax>
		</bndbox>
	</object>
	<object>
		<name>ans</name>
		<pose>Unspecified</pose>
		<truncated>0</truncated>
		<difficult>0</difficult>
		<bndbox>
			<xmin>163</xmin>
			<ymin>65</ymin>
			<xmax>196</xmax>
			<ymax>109</ymax>
		</bndbox>
	</object>
	<object>
		<name>ans</name>
		<pose>Unspecified</pose>
		<truncated>0</truncated>
		<difficult>0</difficult>
		<bndbox>
			<xmin>330</xmin>
			<ymin>35</ymin>
			<xmax>355</xmax>
			<ymax>113</ymax>
		</bndbox>
	</object>
</annotation>
