<?xml version='1.0' encoding='UTF-8'?>
<annotation>
	<filename>M139_[351_1887]_img2_271_org_batch0_R_9.jpg</filename>
	<size>
		<width>512</width>
		<height>512</height>
		<depth>3</depth>
	</size>
	<object>
		<name>ans</name>
		<pose>Unspecified</pose>
		<truncated>0</truncated>
		<difficult>0</difficult>
		<bndbox>
			<xmin>58</xmin>
			<ymin>156</ymin>
			<xmax>106</xmax>
			<ymax>221</ymax>
		</bndbox>
	</object>
	<object>
		<name>ans</name>
		<pose>Unspecified</pose>
		<truncated>0</truncated>
		<difficult>0</difficult>
		<bndbox>
			<xmin>45</xmin>
			<ymin>238</ymin>
			<xmax>102</xmax>
			<ymax>318</ymax>
		</bndbox>
	</object>
	<object>
		<name>ans</name>
		<pose>Unspecified</pose>
		<truncated>0</truncated>
		<difficult>0</difficult>
		<bndbox>
			<xmin>38</xmin>
			<ymin>346</ymin>
			<xmax>82</xmax>
			<ymax>421</ymax>
		</bndbox>
	</object>
</annotation>
